{
  "v": "5.6.6",
  "fr": 46,
  "ip": 0,
  "op": 368,
  "w": 576,
  "h": 1024,
  "nm": "img_23",
  "ddd": 0,
  "assets": [
    {
      "id": "image_0",
      "w": 576,
      "h": 1024,
      "u": "images/",
      "p": "img_0.png",
      "e": 0
    },
    {
      "id": "image_1",
      "w": 576,
      "h": 1024,
      "u": "images/",
      "p": "img_1.png",
      "e": 0
    },
    {
      "id": "image_2",
      "w": 576,
      "h": 1024,
      "u": "images/",
      "p": "img_2.png",
      "e": 0
    },
    {
      "id": "image_3",
      "w": 576,
      "h": 1024,
      "u": "images/",
      "p": "img_3.png",
      "e": 0
    },
    {
      "id": "image_4",
      "w": 576,
      "h": 1024,
      "u": "images/",
      "p": "img_4.png",
      "e": 0
    },
    {
      "id": "image_5",
      "w": 576,
      "h": 1024,
      "u": "images/",
      "p": "img_5.png",
      "e": 0
    },
    {
      "id": "image_6",
      "w": 576,
      "h": 1024,
      "u": "images/",
      "p": "img_6.png",
      "e": 0
    },
    {
      "id": "image_7",
      "w": 576,
      "h": 1024,
      "u": "images/",
      "p": "img_7.png",
      "e": 0
    },
    {
      "id": "image_8",
      "w": 576,
      "h": 1024,
      "u": "images/",
      "p": "img_8.png",
      "e": 0
    },
    {
      "id": "image_9",
      "w": 576,
      "h": 1024,
      "u": "images/",
      "p": "img_9.png",
      "e": 0
    },
    {
      "id": "image_10",
      "w": 576,
      "h": 1024,
      "u": "images/",
      "p": "img_10.png",
      "e": 0
    },
    {
      "id": "image_11",
      "w": 576,
      "h": 1024,
      "u": "images/",
      "p": "img_11.png",
      "e": 0
    },
    {
      "id": "image_12",
      "w": 576,
      "h": 1024,
      "u": "images/",
      "p": "img_12.png",
      "e": 0
    },
    {
      "id": "image_13",
      "w": 576,
      "h": 1024,
      "u": "images/",
      "p": "img_13.png",
      "e": 0
    },
    {
      "id": "image_14",
      "w": 576,
      "h": 1024,
      "u": "images/",
      "p": "img_14.png",
      "e": 0
    },
    {
      "id": "image_15",
      "w": 576,
      "h": 1024,
      "u": "images/",
      "p": "img_15.png",
      "e": 0
    },
    {
      "id": "image_16",
      "w": 576,
      "h": 1024,
      "u": "images/",
      "p": "img_16.png",
      "e": 0
    },
    {
      "id": "image_17",
      "w": 576,
      "h": 1024,
      "u": "images/",
      "p": "img_17.png",
      "e": 0
    },
    {
      "id": "image_18",
      "w": 576,
      "h": 1024,
      "u": "images/",
      "p": "img_18.png",
      "e": 0
    },
    {
      "id": "image_19",
      "w": 576,
      "h": 1024,
      "u": "images/",
      "p": "img_19.png",
      "e": 0
    },
    {
      "id": "image_20",
      "w": 576,
      "h": 1024,
      "u": "images/",
      "p": "img_20.png",
      "e": 0
    },
    {
      "id": "image_21",
      "w": 576,
      "h": 1024,
      "u": "images/",
      "p": "img_21.png",
      "e": 0
    },
    {
      "id": "image_22",
      "w": 576,
      "h": 1024,
      "u": "images/",
      "p": "img_22.png",
      "e": 0
    },
    {
      "id": "image_23",
      "w": 576,
      "h": 1024,
      "u": "images/",
      "p": "img_23.png",
      "e": 0
    },
    {
      "id": "image_24",
      "w": 576,
      "h": 1024,
      "u": "images/",
      "p": "img_24.png",
      "e": 0
    },
    {
      "id": "image_25",
      "w": 576,
      "h": 1024,
      "u": "images/",
      "p": "img_25.png",
      "e": 0
    },
    {
      "id": "image_26",
      "w": 576,
      "h": 1024,
      "u": "images/",
      "p": "img_26.png",
      "e": 0
    },
    {
      "id": "image_27",
      "w": 576,
      "h": 1024,
      "u": "images/",
      "p": "img_27.png",
      "e": 0
    },
    {
      "id": "image_28",
      "w": 576,
      "h": 1024,
      "u": "images/",
      "p": "img_28.png",
      "e": 0
    },
    {
      "id": "image_29",
      "w": 576,
      "h": 1024,
      "u": "images/",
      "p": "img_29.png",
      "e": 0
    },
    {
      "id": "image_30",
      "w": 576,
      "h": 1024,
      "u": "images/",
      "p": "img_30.png",
      "e": 0
    },
    {
      "id": "image_31",
      "w": 576,
      "h": 1024,
      "u": "images/",
      "p": "img_31.png",
      "e": 0
    },
    {
      "id": "image_32",
      "w": 576,
      "h": 1024,
      "u": "images/",
      "p": "img_32.png",
      "e": 0
    },
    {
      "id": "image_33",
      "w": 576,
      "h": 1024,
      "u": "images/",
      "p": "img_33.png",
      "e": 0
    },
    {
      "id": "image_34",
      "w": 576,
      "h": 1024,
      "u": "images/",
      "p": "img_34.png",
      "e": 0
    },
    {
      "id": "image_35",
      "w": 576,
      "h": 1024,
      "u": "images/",
      "p": "img_35.png",
      "e": 0
    },
    {
      "id": "image_36",
      "w": 576,
      "h": 1024,
      "u": "images/",
      "p": "img_36.png",
      "e": 0
    },
    {
      "id": "image_37",
      "w": 576,
      "h": 1024,
      "u": "images/",
      "p": "img_37.png",
      "e": 0
    },
    {
      "id": "image_38",
      "w": 576,
      "h": 1024,
      "u": "images/",
      "p": "img_38.png",
      "e": 0
    },
    {
      "id": "image_39",
      "w": 576,
      "h": 1024,
      "u": "images/",
      "p": "img_39.png",
      "e": 0
    },
    {
      "id": "image_40",
      "w": 576,
      "h": 1024,
      "u": "images/",
      "p": "img_40.png",
      "e": 0
    },
    {
      "id": "image_41",
      "w": 576,
      "h": 1024,
      "u": "images/",
      "p": "img_41.png",
      "e": 0
    },
    {
      "id": "image_42",
      "w": 576,
      "h": 1024,
      "u": "images/",
      "p": "img_42.png",
      "e": 0
    },
    {
      "id": "image_43",
      "w": 576,
      "h": 1024,
      "u": "images/",
      "p": "img_43.png",
      "e": 0
    },
    {
      "id": "image_44",
      "w": 576,
      "h": 1024,
      "u": "images/",
      "p": "img_44.png",
      "e": 0
    },
    {
      "id": "image_45",
      "w": 576,
      "h": 1024,
      "u": "images/",
      "p": "img_45.png",
      "e": 0
    }
  ],
  "layers": [
    {
      "ddd": 0,
      "ind": 1,
      "ty": 2,
      "nm": "img_20.png",
      "cl": "png",
      "refId": "image_0",
      "sr": 1,
      "ks": {
        "o": {
          "a": 0,
          "k": 100,
          "ix": 11
        },
        "r": {
          "a": 0,
          "k": 0,
          "ix": 10
        },
        "p": {
          "a": 0,
          "k": [
            288,
            512,
            0
          ],
          "ix": 2
        },
        "a": {
          "a": 0,
          "k": [
            288,
            512,
            0
          ],
          "ix": 1
        },
        "s": {
          "a": 0,
          "k": [
            100,
            100,
            100
          ],
          "ix": 6
        }
      },
      "ao": 0,
      "ip": 0,
      "op": 8,
      "st": 0,
      "bm": 0
    },
    {
      "ddd": 0,
      "ind": 2,
      "ty": 2,
      "nm": "img_21.png",
      "cl": "png",
      "refId": "image_1",
      "sr": 1,
      "ks": {
        "o": {
          "a": 0,
          "k": 100,
          "ix": 11
        },
        "r": {
          "a": 0,
          "k": 0,
          "ix": 10
        },
        "p": {
          "a": 0,
          "k": [
            288,
            512,
            0
          ],
          "ix": 2
        },
        "a": {
          "a": 0,
          "k": [
            288,
            512,
            0
          ],
          "ix": 1
        },
        "s": {
          "a": 0,
          "k": [
            100,
            100,
            100
          ],
          "ix": 6
        }
      },
      "ao": 0,
      "ip": 8,
      "op": 16,
      "st": 8,
      "bm": 0
    },
    {
      "ddd": 0,
      "ind": 3,
      "ty": 2,
      "nm": "img_22.png",
      "cl": "png",
      "refId": "image_2",
      "sr": 1,
      "ks": {
        "o": {
          "a": 0,
          "k": 100,
          "ix": 11
        },
        "r": {
          "a": 0,
          "k": 0,
          "ix": 10
        },
        "p": {
          "a": 0,
          "k": [
            288,
            512,
            0
          ],
          "ix": 2
        },
        "a": {
          "a": 0,
          "k": [
            288,
            512,
            0
          ],
          "ix": 1
        },
        "s": {
          "a": 0,
          "k": [
            100,
            100,
            100
          ],
          "ix": 6
        }
      },
      "ao": 0,
      "ip": 16,
      "op": 24,
      "st": 16,
      "bm": 0
    },
    {
      "ddd": 0,
      "ind": 4,
      "ty": 2,
      "nm": "img_23.png",
      "cl": "png",
      "refId": "image_3",
      "sr": 1,
      "ks": {
        "o": {
          "a": 0,
          "k": 100,
          "ix": 11
        },
        "r": {
          "a": 0,
          "k": 0,
          "ix": 10
        },
        "p": {
          "a": 0,
          "k": [
            288,
            512,
            0
          ],
          "ix": 2
        },
        "a": {
          "a": 0,
          "k": [
            288,
            512,
            0
          ],
          "ix": 1
        },
        "s": {
          "a": 0,
          "k": [
            100,
            100,
            100
          ],
          "ix": 6
        }
      },
      "ao": 0,
      "ip": 24,
      "op": 32,
      "st": 24,
      "bm": 0
    },
    {
      "ddd": 0,
      "ind": 5,
      "ty": 2,
      "nm": "img_24.png",
      "cl": "png",
      "refId": "image_4",
      "sr": 1,
      "ks": {
        "o": {
          "a": 0,
          "k": 100,
          "ix": 11
        },
        "r": {
          "a": 0,
          "k": 0,
          "ix": 10
        },
        "p": {
          "a": 0,
          "k": [
            288,
            512,
            0
          ],
          "ix": 2
        },
        "a": {
          "a": 0,
          "k": [
            288,
            512,
            0
          ],
          "ix": 1
        },
        "s": {
          "a": 0,
          "k": [
            100,
            100,
            100
          ],
          "ix": 6
        }
      },
      "ao": 0,
      "ip": 32,
      "op": 40,
      "st": 32,
      "bm": 0
    },
    {
      "ddd": 0,
      "ind": 6,
      "ty": 2,
      "nm": "img_25.png",
      "cl": "png",
      "refId": "image_5",
      "sr": 1,
      "ks": {
        "o": {
          "a": 0,
          "k": 100,
          "ix": 11
        },
        "r": {
          "a": 0,
          "k": 0,
          "ix": 10
        },
        "p": {
          "a": 0,
          "k": [
            288,
            512,
            0
          ],
          "ix": 2
        },
        "a": {
          "a": 0,
          "k": [
            288,
            512,
            0
          ],
          "ix": 1
        },
        "s": {
          "a": 0,
          "k": [
            100,
            100,
            100
          ],
          "ix": 6
        }
      },
      "ao": 0,
      "ip": 40,
      "op": 48,
      "st": 40,
      "bm": 0
    },
    {
      "ddd": 0,
      "ind": 7,
      "ty": 2,
      "nm": "img_26.png",
      "cl": "png",
      "refId": "image_6",
      "sr": 1,
      "ks": {
        "o": {
          "a": 0,
          "k": 100,
          "ix": 11
        },
        "r": {
          "a": 0,
          "k": 0,
          "ix": 10
        },
        "p": {
          "a": 0,
          "k": [
            288,
            512,
            0
          ],
          "ix": 2
        },
        "a": {
          "a": 0,
          "k": [
            288,
            512,
            0
          ],
          "ix": 1
        },
        "s": {
          "a": 0,
          "k": [
            100,
            100,
            100
          ],
          "ix": 6
        }
      },
      "ao": 0,
      "ip": 48,
      "op": 56,
      "st": 48,
      "bm": 0
    },
    {
      "ddd": 0,
      "ind": 8,
      "ty": 2,
      "nm": "img_27.png",
      "cl": "png",
      "refId": "image_7",
      "sr": 1,
      "ks": {
        "o": {
          "a": 0,
          "k": 100,
          "ix": 11
        },
        "r": {
          "a": 0,
          "k": 0,
          "ix": 10
        },
        "p": {
          "a": 0,
          "k": [
            288,
            512,
            0
          ],
          "ix": 2
        },
        "a": {
          "a": 0,
          "k": [
            288,
            512,
            0
          ],
          "ix": 1
        },
        "s": {
          "a": 0,
          "k": [
            100,
            100,
            100
          ],
          "ix": 6
        }
      },
      "ao": 0,
      "ip": 56,
      "op": 64,
      "st": 56,
      "bm": 0
    },
    {
      "ddd": 0,
      "ind": 9,
      "ty": 2,
      "nm": "img_28.png",
      "cl": "png",
      "refId": "image_8",
      "sr": 1,
      "ks": {
        "o": {
          "a": 0,
          "k": 100,
          "ix": 11
        },
        "r": {
          "a": 0,
          "k": 0,
          "ix": 10
        },
        "p": {
          "a": 0,
          "k": [
            288,
            512,
            0
          ],
          "ix": 2
        },
        "a": {
          "a": 0,
          "k": [
            288,
            512,
            0
          ],
          "ix": 1
        },
        "s": {
          "a": 0,
          "k": [
            100,
            100,
            100
          ],
          "ix": 6
        }
      },
      "ao": 0,
      "ip": 64,
      "op": 72,
      "st": 64,
      "bm": 0
    },
    {
      "ddd": 0,
      "ind": 10,
      "ty": 2,
      "nm": "img_29.png",
      "cl": "png",
      "refId": "image_9",
      "sr": 1,
      "ks": {
        "o": {
          "a": 0,
          "k": 100,
          "ix": 11
        },
        "r": {
          "a": 0,
          "k": 0,
          "ix": 10
        },
        "p": {
          "a": 0,
          "k": [
            288,
            512,
            0
          ],
          "ix": 2
        },
        "a": {
          "a": 0,
          "k": [
            288,
            512,
            0
          ],
          "ix": 1
        },
        "s": {
          "a": 0,
          "k": [
            100,
            100,
            100
          ],
          "ix": 6
        }
      },
      "ao": 0,
      "ip": 72,
      "op": 80,
      "st": 72,
      "bm": 0
    },
    {
      "ddd": 0,
      "ind": 11,
      "ty": 2,
      "nm": "img_30.png",
      "cl": "png",
      "refId": "image_10",
      "sr": 1,
      "ks": {
        "o": {
          "a": 0,
          "k": 100,
          "ix": 11
        },
        "r": {
          "a": 0,
          "k": 0,
          "ix": 10
        },
        "p": {
          "a": 0,
          "k": [
            288,
            512,
            0
          ],
          "ix": 2
        },
        "a": {
          "a": 0,
          "k": [
            288,
            512,
            0
          ],
          "ix": 1
        },
        "s": {
          "a": 0,
          "k": [
            100,
            100,
            100
          ],
          "ix": 6
        }
      },
      "ao": 0,
      "ip": 80,
      "op": 88,
      "st": 80,
      "bm": 0
    },
    {
      "ddd": 0,
      "ind": 12,
      "ty": 2,
      "nm": "img_31.png",
      "cl": "png",
      "refId": "image_11",
      "sr": 1,
      "ks": {
        "o": {
          "a": 0,
          "k": 100,
          "ix": 11
        },
        "r": {
          "a": 0,
          "k": 0,
          "ix": 10
        },
        "p": {
          "a": 0,
          "k": [
            288,
            512,
            0
          ],
          "ix": 2
        },
        "a": {
          "a": 0,
          "k": [
            288,
            512,
            0
          ],
          "ix": 1
        },
        "s": {
          "a": 0,
          "k": [
            100,
            100,
            100
          ],
          "ix": 6
        }
      },
      "ao": 0,
      "ip": 88,
      "op": 96,
      "st": 88,
      "bm": 0
    },
    {
      "ddd": 0,
      "ind": 13,
      "ty": 2,
      "nm": "img_32.png",
      "cl": "png",
      "refId": "image_12",
      "sr": 1,
      "ks": {
        "o": {
          "a": 0,
          "k": 100,
          "ix": 11
        },
        "r": {
          "a": 0,
          "k": 0,
          "ix": 10
        },
        "p": {
          "a": 0,
          "k": [
            288,
            512,
            0
          ],
          "ix": 2
        },
        "a": {
          "a": 0,
          "k": [
            288,
            512,
            0
          ],
          "ix": 1
        },
        "s": {
          "a": 0,
          "k": [
            100,
            100,
            100
          ],
          "ix": 6
        }
      },
      "ao": 0,
      "ip": 96,
      "op": 104,
      "st": 96,
      "bm": 0
    },
    {
      "ddd": 0,
      "ind": 14,
      "ty": 2,
      "nm": "img_33.png",
      "cl": "png",
      "refId": "image_13",
      "sr": 1,
      "ks": {
        "o": {
          "a": 0,
          "k": 100,
          "ix": 11
        },
        "r": {
          "a": 0,
          "k": 0,
          "ix": 10
        },
        "p": {
          "a": 0,
          "k": [
            288,
            512,
            0
          ],
          "ix": 2
        },
        "a": {
          "a": 0,
          "k": [
            288,
            512,
            0
          ],
          "ix": 1
        },
        "s": {
          "a": 0,
          "k": [
            100,
            100,
            100
          ],
          "ix": 6
        }
      },
      "ao": 0,
      "ip": 104,
      "op": 112,
      "st": 104,
      "bm": 0
    },
    {
      "ddd": 0,
      "ind": 15,
      "ty": 2,
      "nm": "img_34.png",
      "cl": "png",
      "refId": "image_14",
      "sr": 1,
      "ks": {
        "o": {
          "a": 0,
          "k": 100,
          "ix": 11
        },
        "r": {
          "a": 0,
          "k": 0,
          "ix": 10
        },
        "p": {
          "a": 0,
          "k": [
            288,
            512,
            0
          ],
          "ix": 2
        },
        "a": {
          "a": 0,
          "k": [
            288,
            512,
            0
          ],
          "ix": 1
        },
        "s": {
          "a": 0,
          "k": [
            100,
            100,
            100
          ],
          "ix": 6
        }
      },
      "ao": 0,
      "ip": 112,
      "op": 120,
      "st": 112,
      "bm": 0
    },
    {
      "ddd": 0,
      "ind": 16,
      "ty": 2,
      "nm": "img_35.png",
      "cl": "png",
      "refId": "image_15",
      "sr": 1,
      "ks": {
        "o": {
          "a": 0,
          "k": 100,
          "ix": 11
        },
        "r": {
          "a": 0,
          "k": 0,
          "ix": 10
        },
        "p": {
          "a": 0,
          "k": [
            288,
            512,
            0
          ],
          "ix": 2
        },
        "a": {
          "a": 0,
          "k": [
            288,
            512,
            0
          ],
          "ix": 1
        },
        "s": {
          "a": 0,
          "k": [
            100,
            100,
            100
          ],
          "ix": 6
        }
      },
      "ao": 0,
      "ip": 120,
      "op": 128,
      "st": 120,
      "bm": 0
    },
    {
      "ddd": 0,
      "ind": 17,
      "ty": 2,
      "nm": "img_36.png",
      "cl": "png",
      "refId": "image_16",
      "sr": 1,
      "ks": {
        "o": {
          "a": 0,
          "k": 100,
          "ix": 11
        },
        "r": {
          "a": 0,
          "k": 0,
          "ix": 10
        },
        "p": {
          "a": 0,
          "k": [
            288,
            512,
            0
          ],
          "ix": 2
        },
        "a": {
          "a": 0,
          "k": [
            288,
            512,
            0
          ],
          "ix": 1
        },
        "s": {
          "a": 0,
          "k": [
            100,
            100,
            100
          ],
          "ix": 6
        }
      },
      "ao": 0,
      "ip": 128,
      "op": 136,
      "st": 128,
      "bm": 0
    },
    {
      "ddd": 0,
      "ind": 18,
      "ty": 2,
      "nm": "img_37.png",
      "cl": "png",
      "refId": "image_17",
      "sr": 1,
      "ks": {
        "o": {
          "a": 0,
          "k": 100,
          "ix": 11
        },
        "r": {
          "a": 0,
          "k": 0,
          "ix": 10
        },
        "p": {
          "a": 0,
          "k": [
            288,
            512,
            0
          ],
          "ix": 2
        },
        "a": {
          "a": 0,
          "k": [
            288,
            512,
            0
          ],
          "ix": 1
        },
        "s": {
          "a": 0,
          "k": [
            100,
            100,
            100
          ],
          "ix": 6
        }
      },
      "ao": 0,
      "ip": 136,
      "op": 144,
      "st": 136,
      "bm": 0
    },
    {
      "ddd": 0,
      "ind": 19,
      "ty": 2,
      "nm": "img_38.png",
      "cl": "png",
      "refId": "image_18",
      "sr": 1,
      "ks": {
        "o": {
          "a": 0,
          "k": 100,
          "ix": 11
        },
        "r": {
          "a": 0,
          "k": 0,
          "ix": 10
        },
        "p": {
          "a": 0,
          "k": [
            288,
            512,
            0
          ],
          "ix": 2
        },
        "a": {
          "a": 0,
          "k": [
            288,
            512,
            0
          ],
          "ix": 1
        },
        "s": {
          "a": 0,
          "k": [
            100,
            100,
            100
          ],
          "ix": 6
        }
      },
      "ao": 0,
      "ip": 144,
      "op": 152,
      "st": 144,
      "bm": 0
    },
    {
      "ddd": 0,
      "ind": 20,
      "ty": 2,
      "nm": "img_39.png",
      "cl": "png",
      "refId": "image_19",
      "sr": 1,
      "ks": {
        "o": {
          "a": 0,
          "k": 100,
          "ix": 11
        },
        "r": {
          "a": 0,
          "k": 0,
          "ix": 10
        },
        "p": {
          "a": 0,
          "k": [
            288,
            512,
            0
          ],
          "ix": 2
        },
        "a": {
          "a": 0,
          "k": [
            288,
            512,
            0
          ],
          "ix": 1
        },
        "s": {
          "a": 0,
          "k": [
            100,
            100,
            100
          ],
          "ix": 6
        }
      },
      "ao": 0,
      "ip": 152,
      "op": 160,
      "st": 152,
      "bm": 0
    },
    {
      "ddd": 0,
      "ind": 21,
      "ty": 2,
      "nm": "img_40.png",
      "cl": "png",
      "refId": "image_20",
      "sr": 1,
      "ks": {
        "o": {
          "a": 0,
          "k": 100,
          "ix": 11
        },
        "r": {
          "a": 0,
          "k": 0,
          "ix": 10
        },
        "p": {
          "a": 0,
          "k": [
            288,
            512,
            0
          ],
          "ix": 2
        },
        "a": {
          "a": 0,
          "k": [
            288,
            512,
            0
          ],
          "ix": 1
        },
        "s": {
          "a": 0,
          "k": [
            100,
            100,
            100
          ],
          "ix": 6
        }
      },
      "ao": 0,
      "ip": 160,
      "op": 168,
      "st": 160,
      "bm": 0
    },
    {
      "ddd": 0,
      "ind": 22,
      "ty": 2,
      "nm": "img_41.png",
      "cl": "png",
      "refId": "image_21",
      "sr": 1,
      "ks": {
        "o": {
          "a": 0,
          "k": 100,
          "ix": 11
        },
        "r": {
          "a": 0,
          "k": 0,
          "ix": 10
        },
        "p": {
          "a": 0,
          "k": [
            288,
            512,
            0
          ],
          "ix": 2
        },
        "a": {
          "a": 0,
          "k": [
            288,
            512,
            0
          ],
          "ix": 1
        },
        "s": {
          "a": 0,
          "k": [
            100,
            100,
            100
          ],
          "ix": 6
        }
      },
      "ao": 0,
      "ip": 168,
      "op": 176,
      "st": 168,
      "bm": 0
    },
    {
      "ddd": 0,
      "ind": 23,
      "ty": 2,
      "nm": "img_42.png",
      "cl": "png",
      "refId": "image_22",
      "sr": 1,
      "ks": {
        "o": {
          "a": 0,
          "k": 100,
          "ix": 11
        },
        "r": {
          "a": 0,
          "k": 0,
          "ix": 10
        },
        "p": {
          "a": 0,
          "k": [
            288,
            512,
            0
          ],
          "ix": 2
        },
        "a": {
          "a": 0,
          "k": [
            288,
            512,
            0
          ],
          "ix": 1
        },
        "s": {
          "a": 0,
          "k": [
            100,
            100,
            100
          ],
          "ix": 6
        }
      },
      "ao": 0,
      "ip": 176,
      "op": 184,
      "st": 176,
      "bm": 0
    },
    {
      "ddd": 0,
      "ind": 24,
      "ty": 2,
      "nm": "img_43.png",
      "cl": "png",
      "refId": "image_23",
      "sr": 1,
      "ks": {
        "o": {
          "a": 0,
          "k": 100,
          "ix": 11
        },
        "r": {
          "a": 0,
          "k": 0,
          "ix": 10
        },
        "p": {
          "a": 0,
          "k": [
            288,
            512,
            0
          ],
          "ix": 2
        },
        "a": {
          "a": 0,
          "k": [
            288,
            512,
            0
          ],
          "ix": 1
        },
        "s": {
          "a": 0,
          "k": [
            100,
            100,
            100
          ],
          "ix": 6
        }
      },
      "ao": 0,
      "ip": 184,
      "op": 192,
      "st": 184,
      "bm": 0
    },
    {
      "ddd": 0,
      "ind": 25,
      "ty": 2,
      "nm": "img_44.png",
      "cl": "png",
      "refId": "image_24",
      "sr": 1,
      "ks": {
        "o": {
          "a": 0,
          "k": 100,
          "ix": 11
        },
        "r": {
          "a": 0,
          "k": 0,
          "ix": 10
        },
        "p": {
          "a": 0,
          "k": [
            288,
            512,
            0
          ],
          "ix": 2
        },
        "a": {
          "a": 0,
          "k": [
            288,
            512,
            0
          ],
          "ix": 1
        },
        "s": {
          "a": 0,
          "k": [
            100,
            100,
            100
          ],
          "ix": 6
        }
      },
      "ao": 0,
      "ip": 192,
      "op": 200,
      "st": 192,
      "bm": 0
    },
    {
      "ddd": 0,
      "ind": 26,
      "ty": 2,
      "nm": "img_45.png",
      "cl": "png",
      "refId": "image_25",
      "sr": 1,
      "ks": {
        "o": {
          "a": 0,
          "k": 100,
          "ix": 11
        },
        "r": {
          "a": 0,
          "k": 0,
          "ix": 10
        },
        "p": {
          "a": 0,
          "k": [
            288,
            512,
            0
          ],
          "ix": 2
        },
        "a": {
          "a": 0,
          "k": [
            288,
            512,
            0
          ],
          "ix": 1
        },
        "s": {
          "a": 0,
          "k": [
            100,
            100,
            100
          ],
          "ix": 6
        }
      },
      "ao": 0,
      "ip": 200,
      "op": 208,
      "st": 200,
      "bm": 0
    },
    {
      "ddd": 0,
      "ind": 27,
      "ty": 2,
      "nm": "img_46.png",
      "cl": "png",
      "refId": "image_26",
      "sr": 1,
      "ks": {
        "o": {
          "a": 0,
          "k": 100,
          "ix": 11
        },
        "r": {
          "a": 0,
          "k": 0,
          "ix": 10
        },
        "p": {
          "a": 0,
          "k": [
            288,
            512,
            0
          ],
          "ix": 2
        },
        "a": {
          "a": 0,
          "k": [
            288,
            512,
            0
          ],
          "ix": 1
        },
        "s": {
          "a": 0,
          "k": [
            100,
            100,
            100
          ],
          "ix": 6
        }
      },
      "ao": 0,
      "ip": 208,
      "op": 216,
      "st": 208,
      "bm": 0
    },
    {
      "ddd": 0,
      "ind": 28,
      "ty": 2,
      "nm": "img_47.png",
      "cl": "png",
      "refId": "image_27",
      "sr": 1,
      "ks": {
        "o": {
          "a": 0,
          "k": 100,
          "ix": 11
        },
        "r": {
          "a": 0,
          "k": 0,
          "ix": 10
        },
        "p": {
          "a": 0,
          "k": [
            288,
            512,
            0
          ],
          "ix": 2
        },
        "a": {
          "a": 0,
          "k": [
            288,
            512,
            0
          ],
          "ix": 1
        },
        "s": {
          "a": 0,
          "k": [
            100,
            100,
            100
          ],
          "ix": 6
        }
      },
      "ao": 0,
      "ip": 216,
      "op": 224,
      "st": 216,
      "bm": 0
    },
    {
      "ddd": 0,
      "ind": 29,
      "ty": 2,
      "nm": "img_48.png",
      "cl": "png",
      "refId": "image_28",
      "sr": 1,
      "ks": {
        "o": {
          "a": 0,
          "k": 100,
          "ix": 11
        },
        "r": {
          "a": 0,
          "k": 0,
          "ix": 10
        },
        "p": {
          "a": 0,
          "k": [
            288,
            512,
            0
          ],
          "ix": 2
        },
        "a": {
          "a": 0,
          "k": [
            288,
            512,
            0
          ],
          "ix": 1
        },
        "s": {
          "a": 0,
          "k": [
            100,
            100,
            100
          ],
          "ix": 6
        }
      },
      "ao": 0,
      "ip": 224,
      "op": 232,
      "st": 224,
      "bm": 0
    },
    {
      "ddd": 0,
      "ind": 30,
      "ty": 2,
      "nm": "img_49.png",
      "cl": "png",
      "refId": "image_29",
      "sr": 1,
      "ks": {
        "o": {
          "a": 0,
          "k": 100,
          "ix": 11
        },
        "r": {
          "a": 0,
          "k": 0,
          "ix": 10
        },
        "p": {
          "a": 0,
          "k": [
            288,
            512,
            0
          ],
          "ix": 2
        },
        "a": {
          "a": 0,
          "k": [
            288,
            512,
            0
          ],
          "ix": 1
        },
        "s": {
          "a": 0,
          "k": [
            100,
            100,
            100
          ],
          "ix": 6
        }
      },
      "ao": 0,
      "ip": 232,
      "op": 240,
      "st": 232,
      "bm": 0
    },
    {
      "ddd": 0,
      "ind": 31,
      "ty": 2,
      "nm": "img_50.png",
      "cl": "png",
      "refId": "image_30",
      "sr": 1,
      "ks": {
        "o": {
          "a": 0,
          "k": 100,
          "ix": 11
        },
        "r": {
          "a": 0,
          "k": 0,
          "ix": 10
        },
        "p": {
          "a": 0,
          "k": [
            288,
            512,
            0
          ],
          "ix": 2
        },
        "a": {
          "a": 0,
          "k": [
            288,
            512,
            0
          ],
          "ix": 1
        },
        "s": {
          "a": 0,
          "k": [
            100,
            100,
            100
          ],
          "ix": 6
        }
      },
      "ao": 0,
      "ip": 240,
      "op": 248,
      "st": 240,
      "bm": 0
    },
    {
      "ddd": 0,
      "ind": 32,
      "ty": 2,
      "nm": "img_51.png",
      "cl": "png",
      "refId": "image_31",
      "sr": 1,
      "ks": {
        "o": {
          "a": 0,
          "k": 100,
          "ix": 11
        },
        "r": {
          "a": 0,
          "k": 0,
          "ix": 10
        },
        "p": {
          "a": 0,
          "k": [
            288,
            512,
            0
          ],
          "ix": 2
        },
        "a": {
          "a": 0,
          "k": [
            288,
            512,
            0
          ],
          "ix": 1
        },
        "s": {
          "a": 0,
          "k": [
            100,
            100,
            100
          ],
          "ix": 6
        }
      },
      "ao": 0,
      "ip": 248,
      "op": 256,
      "st": 248,
      "bm": 0
    },
    {
      "ddd": 0,
      "ind": 33,
      "ty": 2,
      "nm": "img_52.png",
      "cl": "png",
      "refId": "image_32",
      "sr": 1,
      "ks": {
        "o": {
          "a": 0,
          "k": 100,
          "ix": 11
        },
        "r": {
          "a": 0,
          "k": 0,
          "ix": 10
        },
        "p": {
          "a": 0,
          "k": [
            288,
            512,
            0
          ],
          "ix": 2
        },
        "a": {
          "a": 0,
          "k": [
            288,
            512,
            0
          ],
          "ix": 1
        },
        "s": {
          "a": 0,
          "k": [
            100,
            100,
            100
          ],
          "ix": 6
        }
      },
      "ao": 0,
      "ip": 256,
      "op": 264,
      "st": 256,
      "bm": 0
    },
    {
      "ddd": 0,
      "ind": 34,
      "ty": 2,
      "nm": "img_53.png",
      "cl": "png",
      "refId": "image_33",
      "sr": 1,
      "ks": {
        "o": {
          "a": 0,
          "k": 100,
          "ix": 11
        },
        "r": {
          "a": 0,
          "k": 0,
          "ix": 10
        },
        "p": {
          "a": 0,
          "k": [
            288,
            512,
            0
          ],
          "ix": 2
        },
        "a": {
          "a": 0,
          "k": [
            288,
            512,
            0
          ],
          "ix": 1
        },
        "s": {
          "a": 0,
          "k": [
            100,
            100,
            100
          ],
          "ix": 6
        }
      },
      "ao": 0,
      "ip": 264,
      "op": 272,
      "st": 264,
      "bm": 0
    },
    {
      "ddd": 0,
      "ind": 35,
      "ty": 2,
      "nm": "img_54.png",
      "cl": "png",
      "refId": "image_34",
      "sr": 1,
      "ks": {
        "o": {
          "a": 0,
          "k": 100,
          "ix": 11
        },
        "r": {
          "a": 0,
          "k": 0,
          "ix": 10
        },
        "p": {
          "a": 0,
          "k": [
            288,
            512,
            0
          ],
          "ix": 2
        },
        "a": {
          "a": 0,
          "k": [
            288,
            512,
            0
          ],
          "ix": 1
        },
        "s": {
          "a": 0,
          "k": [
            100,
            100,
            100
          ],
          "ix": 6
        }
      },
      "ao": 0,
      "ip": 272,
      "op": 280,
      "st": 272,
      "bm": 0
    },
    {
      "ddd": 0,
      "ind": 36,
      "ty": 2,
      "nm": "img_55.png",
      "cl": "png",
      "refId": "image_35",
      "sr": 1,
      "ks": {
        "o": {
          "a": 0,
          "k": 100,
          "ix": 11
        },
        "r": {
          "a": 0,
          "k": 0,
          "ix": 10
        },
        "p": {
          "a": 0,
          "k": [
            288,
            512,
            0
          ],
          "ix": 2
        },
        "a": {
          "a": 0,
          "k": [
            288,
            512,
            0
          ],
          "ix": 1
        },
        "s": {
          "a": 0,
          "k": [
            100,
            100,
            100
          ],
          "ix": 6
        }
      },
      "ao": 0,
      "ip": 280,
      "op": 288,
      "st": 280,
      "bm": 0
    },
    {
      "ddd": 0,
      "ind": 37,
      "ty": 2,
      "nm": "img_56.png",
      "cl": "png",
      "refId": "image_36",
      "sr": 1,
      "ks": {
        "o": {
          "a": 0,
          "k": 100,
          "ix": 11
        },
        "r": {
          "a": 0,
          "k": 0,
          "ix": 10
        },
        "p": {
          "a": 0,
          "k": [
            288,
            512,
            0
          ],
          "ix": 2
        },
        "a": {
          "a": 0,
          "k": [
            288,
            512,
            0
          ],
          "ix": 1
        },
        "s": {
          "a": 0,
          "k": [
            100,
            100,
            100
          ],
          "ix": 6
        }
      },
      "ao": 0,
      "ip": 288,
      "op": 296,
      "st": 288,
      "bm": 0
    },
    {
      "ddd": 0,
      "ind": 38,
      "ty": 2,
      "nm": "img_57.png",
      "cl": "png",
      "refId": "image_37",
      "sr": 1,
      "ks": {
        "o": {
          "a": 0,
          "k": 100,
          "ix": 11
        },
        "r": {
          "a": 0,
          "k": 0,
          "ix": 10
        },
        "p": {
          "a": 0,
          "k": [
            288,
            512,
            0
          ],
          "ix": 2
        },
        "a": {
          "a": 0,
          "k": [
            288,
            512,
            0
          ],
          "ix": 1
        },
        "s": {
          "a": 0,
          "k": [
            100,
            100,
            100
          ],
          "ix": 6
        }
      },
      "ao": 0,
      "ip": 296,
      "op": 304,
      "st": 296,
      "bm": 0
    },
    {
      "ddd": 0,
      "ind": 39,
      "ty": 2,
      "nm": "img_58.png",
      "cl": "png",
      "refId": "image_38",
      "sr": 1,
      "ks": {
        "o": {
          "a": 0,
          "k": 100,
          "ix": 11
        },
        "r": {
          "a": 0,
          "k": 0,
          "ix": 10
        },
        "p": {
          "a": 0,
          "k": [
            288,
            512,
            0
          ],
          "ix": 2
        },
        "a": {
          "a": 0,
          "k": [
            288,
            512,
            0
          ],
          "ix": 1
        },
        "s": {
          "a": 0,
          "k": [
            100,
            100,
            100
          ],
          "ix": 6
        }
      },
      "ao": 0,
      "ip": 304,
      "op": 312,
      "st": 304,
      "bm": 0
    },
    {
      "ddd": 0,
      "ind": 40,
      "ty": 2,
      "nm": "img_59.png",
      "cl": "png",
      "refId": "image_39",
      "sr": 1,
      "ks": {
        "o": {
          "a": 0,
          "k": 100,
          "ix": 11
        },
        "r": {
          "a": 0,
          "k": 0,
          "ix": 10
        },
        "p": {
          "a": 0,
          "k": [
            288,
            512,
            0
          ],
          "ix": 2
        },
        "a": {
          "a": 0,
          "k": [
            288,
            512,
            0
          ],
          "ix": 1
        },
        "s": {
          "a": 0,
          "k": [
            100,
            100,
            100
          ],
          "ix": 6
        }
      },
      "ao": 0,
      "ip": 312,
      "op": 320,
      "st": 312,
      "bm": 0
    },
    {
      "ddd": 0,
      "ind": 41,
      "ty": 2,
      "nm": "img_60.png",
      "cl": "png",
      "refId": "image_40",
      "sr": 1,
      "ks": {
        "o": {
          "a": 0,
          "k": 100,
          "ix": 11
        },
        "r": {
          "a": 0,
          "k": 0,
          "ix": 10
        },
        "p": {
          "a": 0,
          "k": [
            288,
            512,
            0
          ],
          "ix": 2
        },
        "a": {
          "a": 0,
          "k": [
            288,
            512,
            0
          ],
          "ix": 1
        },
        "s": {
          "a": 0,
          "k": [
            100,
            100,
            100
          ],
          "ix": 6
        }
      },
      "ao": 0,
      "ip": 320,
      "op": 328,
      "st": 320,
      "bm": 0
    },
    {
      "ddd": 0,
      "ind": 42,
      "ty": 2,
      "nm": "img_61.png",
      "cl": "png",
      "refId": "image_41",
      "sr": 1,
      "ks": {
        "o": {
          "a": 0,
          "k": 100,
          "ix": 11
        },
        "r": {
          "a": 0,
          "k": 0,
          "ix": 10
        },
        "p": {
          "a": 0,
          "k": [
            288,
            512,
            0
          ],
          "ix": 2
        },
        "a": {
          "a": 0,
          "k": [
            288,
            512,
            0
          ],
          "ix": 1
        },
        "s": {
          "a": 0,
          "k": [
            100,
            100,
            100
          ],
          "ix": 6
        }
      },
      "ao": 0,
      "ip": 328,
      "op": 336,
      "st": 328,
      "bm": 0
    },
    {
      "ddd": 0,
      "ind": 43,
      "ty": 2,
      "nm": "img_62.png",
      "cl": "png",
      "refId": "image_42",
      "sr": 1,
      "ks": {
        "o": {
          "a": 0,
          "k": 100,
          "ix": 11
        },
        "r": {
          "a": 0,
          "k": 0,
          "ix": 10
        },
        "p": {
          "a": 0,
          "k": [
            288,
            512,
            0
          ],
          "ix": 2
        },
        "a": {
          "a": 0,
          "k": [
            288,
            512,
            0
          ],
          "ix": 1
        },
        "s": {
          "a": 0,
          "k": [
            100,
            100,
            100
          ],
          "ix": 6
        }
      },
      "ao": 0,
      "ip": 336,
      "op": 344,
      "st": 336,
      "bm": 0
    },
    {
      "ddd": 0,
      "ind": 44,
      "ty": 2,
      "nm": "img_63.png",
      "cl": "png",
      "refId": "image_43",
      "sr": 1,
      "ks": {
        "o": {
          "a": 0,
          "k": 100,
          "ix": 11
        },
        "r": {
          "a": 0,
          "k": 0,
          "ix": 10
        },
        "p": {
          "a": 0,
          "k": [
            288,
            512,
            0
          ],
          "ix": 2
        },
        "a": {
          "a": 0,
          "k": [
            288,
            512,
            0
          ],
          "ix": 1
        },
        "s": {
          "a": 0,
          "k": [
            100,
            100,
            100
          ],
          "ix": 6
        }
      },
      "ao": 0,
      "ip": 344,
      "op": 352,
      "st": 344,
      "bm": 0
    },
    {
      "ddd": 0,
      "ind": 45,
      "ty": 2,
      "nm": "img_64.png",
      "cl": "png",
      "refId": "image_44",
      "sr": 1,
      "ks": {
        "o": {
          "a": 0,
          "k": 100,
          "ix": 11
        },
        "r": {
          "a": 0,
          "k": 0,
          "ix": 10
        },
        "p": {
          "a": 0,
          "k": [
            288,
            512,
            0
          ],
          "ix": 2
        },
        "a": {
          "a": 0,
          "k": [
            288,
            512,
            0
          ],
          "ix": 1
        },
        "s": {
          "a": 0,
          "k": [
            100,
            100,
            100
          ],
          "ix": 6
        }
      },
      "ao": 0,
      "ip": 352,
      "op": 360,
      "st": 352,
      "bm": 0
    },
    {
      "ddd": 0,
      "ind": 46,
      "ty": 2,
      "nm": "img_65.png",
      "cl": "png",
      "refId": "image_45",
      "sr": 1,
      "ks": {
        "o": {
          "a": 0,
          "k": 100,
          "ix": 11
        },
        "r": {
          "a": 0,
          "k": 0,
          "ix": 10
        },
        "p": {
          "a": 0,
          "k": [
            288,
            512,
            0
          ],
          "ix": 2
        },
        "a": {
          "a": 0,
          "k": [
            288,
            512,
            0
          ],
          "ix": 1
        },
        "s": {
          "a": 0,
          "k": [
            100,
            100,
            100
          ],
          "ix": 6
        }
      },
      "ao": 0,
      "ip": 360,
      "op": 368,
      "st": 360,
      "bm": 0
    }
  ],
  "markers": []
}